distance,elevation,from,to
327.3377265260221,-303,TA00020,TA00021
154.37349484407568,852,TA00020,TA00023
67.8054032823809,123,TA00020,TA00024
40.70524319269675,-155,TA00020,TA00025
170.31317428259314,-293,TA00020,TA00026
210.2843790856768,36,TA00020,TA00027
191.51777816664946,-373,TA00020,TA00028
131.75102108072093,-880,TA00020,TA00029
124.45144926991573,-279,TA00020,TA00030
201.50555548409383,-865,TA00020,TA00054
108.28074560904459,267,TA00020,TA00056
44.519409380260946,7,TA00020,TA00057
228.41891196892897,-325,TA00020,TA00061
362.730079848601,-78,TA00020,TA00064
312.2595554415387,77,TA00020,TA00065
48.53091220000461,-353,TA00020,TA00066
85.76108804544174,459,TA00020,TA00067
416.485557993795,1511,TA00020,TA00068
418.34820168116096,1588,TA00020,TA00069
406.2381267050683,1400,TA00020,TA00070
426.7338871778737,1620,TA00020,TA00071
411.16224594194887,1629,TA00020,TA00072
176.05443546690913,-197,TA00020,TA00073
123.17877655330992,-79,TA00020,TA00074
261.07705398280893,473,TA00020,TA00076
244.4046970051588,-122,TA00020,TA00077
327.3377265260221,303,TA00021,TA00020
473.30229542484904,1155,TA00021,TA00023
291.0625328702984,426,TA00021,TA00024
289.10334025880485,148,TA00021,TA00025
160.555028375523,10,TA00021,TA00026
286.6613856514238,339,TA00021,TA00027
232.8282347468213,-70,TA00021,TA00028
210.49411168323024,-577,TA00021,TA00029
220.96602201929636,24,TA00021,TA00030
126.92526901756749,-562,TA00021,TA00054
274.12912767457175,570,TA00021,TA00056
291.5713492128097,310,TA00021,TA00057
126.76146340908643,-22,TA00021,TA00061
52.22491887515409,225,TA00021,TA00064
75.06699371814729,380,TA00021,TA00065
279.3250017245795,-50,TA00021,TA00066
393.1222773517779,762,TA00021,TA00067
741.872576304574,1814,TA00021,TA00068
743.9400182742257,1891,TA00021,TA00069
731.7005304989477,1703,TA00021,TA00070
752.3049004964079,1923,TA00021,TA00071
733.1143417473805,1932,TA00021,TA00072
216.37068693470414,106,TA00021,TA00073
257.57686292623225,224,TA00021,TA00074
118.43874480710646,776,TA00021,TA00076
127.42158826024134,181,TA00021,TA00077
154.37349484407568,-852,TA00023,TA00020
473.30229542484904,-1155,TA00023,TA00021
183.50884401578975,-729,TA00023,TA00024
186.70102286505858,-1007,TA00023,TA00025
312.81044395411044,-1145,TA00023,TA00026
275.9434984267915,-816,TA00023,TA00027
288.532199011127,-1225,TA00023,TA00028
264.872677478103,-1732,TA00023,TA00029
278.7802782457075,-1131,TA00023,TA00030
350.9411240590921,-1717,TA00023,TA00054
210.37360201593557,-585,TA00023,TA00056
182.397855283148,-845,TA00023,TA00057
382.23255783338055,-1177,TA00023,TA00061
512.569466517213,-930,TA00023,TA00064
465.1297314833851,-775,TA00023,TA00065
197.6523790713266,-1205,TA00023,TA00066
80.94559438112363,-393,TA00023,TA00067
269.9479248800343,659,TA00023,TA00068
272.27851954141045,736,TA00023,TA00069
259.9378974243844,548,TA00023,TA00070
280.56169120352456,768,TA00023,TA00071
259.85251791864005,777,TA00023,TA00072
285.5063521251198,-1049,TA00023,TA00073
229.36232541742552,-931,TA00023,TA00074
415.25349160441357,-379,TA00023,TA00076
398.6220795000797,-974,TA00023,TA00077
67.8054032823809,-123,TA00024,TA00020
291.0625328702984,-426,TA00024,TA00021
183.50884401578975,729,TA00024,TA00023
40.75897335913705,-278,TA00024,TA00025
130.72998098454153,-416,TA00024,TA00026
143.29827641372086,-87,TA00024,TA00027
124.75697721860134,-496,TA00024,TA00028
81.38836864017894,-1003,TA00024,TA00029
128.24032332479842,-402,TA00024,TA00030
173.2067220664663,-988,TA00024,TA00054
40.484411835719534,144,TA00024,TA00056
29.132127319974657,-116,TA00024,TA00057
213.9023279213678,-448,TA00024,TA00061
332.7876553502644,-201,TA00024,TA00064
290.9964133123264,-46,TA00024,TA00065
47.74181851908603,-476,TA00024,TA00066
102.64299400074493,336,TA00024,TA00067
453.39221632822864,1388,TA00024,TA00068
455.67355760912886,1465,TA00024,TA00069
443.34612673635047,1277,TA00024,TA00070
463.9780905327227,1497,TA00024,TA00071
442.6606130352376,1506,TA00024,TA00072
111.89205939584939,-320,TA00024,TA00073
56.31850803502837,-202,TA00024,TA00074
248.4288209967953,350,TA00024,TA00076
232.7937158992239,-245,TA00024,TA00077
40.70524319269675,155,TA00025,TA00020
289.10334025880485,-148,TA00025,TA00021
186.70102286505858,1007,TA00025,TA00023
40.75897335913705,278,TA00025,TA00024
130.52986956135584,-138,TA00025,TA00026
181.55630019755537,191,TA00025,TA00027
155.79611996349624,-218,TA00025,TA00028
91.11561671533222,-725,TA00025,TA00029
99.19510340059344,-124,TA00025,TA00030
164.64260798405792,-710,TA00025,TA00054
77.44714883340696,422,TA00025,TA00056
11.995076095877385,162,TA00025,TA00057
196.69535040864932,-170,TA00025,TA00061
326.3584265677969,77,TA00025,TA00064
278.5836938035252,232,TA00025,TA00065
11.607953842215329,-198,TA00025,TA00066
110.21686542494434,614,TA00025,TA00067
453.08213353603685,1666,TA00025,TA00068
455.0789727888145,1743,TA00025,TA00069
442.87847983402736,1555,TA00025,TA00070
463.4543161255406,1775,TA00025,TA00071
445.9447885235158,1784,TA00025,TA00072
138.14286535404463,-42,TA00025,TA00073
88.9611449391703,76,TA00025,TA00074
230.43942768770975,628,TA00025,TA00076
214.05577975050952,33,TA00025,TA00077
170.31317428259314,293,TA00026,TA00020
160.555028375523,-10,TA00026,TA00021
312.81044395411044,1145,TA00026,TA00023
130.72998098454153,416,TA00026,TA00024
130.52986956135584,138,TA00026,TA00025
169.8002899295116,329,TA00026,TA00027
114.34292353402739,-80,TA00026,TA00028
52.15475254473681,-587,TA00026,TA00029
94.95689840515132,14,TA00026,TA00030
49.333905520934906,-572,TA00026,TA00054
118.75506967694723,560,TA00026,TA00056
131.7635453946992,300,TA00026,TA00057
102.73152760849779,-32,TA00026,TA00061
202.41522966319272,215,TA00026,TA00064
165.66031748138877,370,TA00026,TA00065
121.78388978077929,-60,TA00026,TA00066
232.56843383112405,752,TA00026,TA00067
581.8023071751796,1804,TA00026,TA00068
583.9323194657047,1881,TA00026,TA00069
571.6613907817143,1693,TA00026,TA00070
592.2836705677067,1913,TA00026,TA00071
572.5824673592523,1922,TA00026,TA00072
88.24961250817367,96,TA00026,TA00073
105.24304977746318,214,TA00026,TA00074
135.14158174177874,766,TA00026,TA00076
122.95424707201283,171,TA00026,TA00077
210.2843790856768,-36,TA00027,TA00020
286.6613856514238,-339,TA00027,TA00021
275.9434984267915,816,TA00027,TA00023
143.29827641372086,87,TA00027,TA00024
181.55630019755537,-191,TA00027,TA00025
169.8002899295116,-329,TA00027,TA00026
57.12971714517046,-409,TA00027,TA00028
134.37464420664,-916,TA00027,TA00029
234.61365035998372,-315,TA00027,TA00030
216.94453170593258,-901,TA00027,TA00054
104.11103704833413,231,TA00027,TA00056
171.25251696523625,-29,TA00027,TA00057
271.9804122056744,-361,TA00027,TA00061
338.038200098846,-114,TA00027,TA00064
321.58229970024314,41,TA00027,TA00065
184.4918207406833,-389,TA00027,TA00066
206.48517494180913,423,TA00027,TA00067
531.6792482049814,1475,TA00027,TA00068
534.6350201294213,1552,TA00027,TA00069
522.4745656859111,1364,TA00027,TA00070
542.4194047777297,1584,TA00027,TA00071
511.41476282146306,1593,TA00027,TA00072
81.7243145720196,-233,TA00027,TA00073
95.29361624151379,-115,TA00027,TA00074
302.8913492965095,437,TA00027,TA00076
292.01111722455744,-158,TA00027,TA00077
191.51777816664946,373,TA00028,TA00020
232.8282347468213,70,TA00028,TA00021
288.532199011127,1225,TA00028,TA00023
124.75697721860134,496,TA00028,TA00024
155.79611996349624,218,TA00028,TA00025
114.34292353402739,80,TA00028,TA00026
57.12971714517046,409,TA00028,TA00027
86.66242071944849,-507,TA00028,TA00029
188.20510055412274,94,TA00028,TA00030
160.3939384522833,-492,TA00028,TA00054
85.36059352040195,640,TA00028,TA00056
147.91684612882383,380,TA00028,TA00057
215.64703169167328,48,TA00028,TA00061
283.501113276484,295,TA00028,TA00064
264.7146191357068,450,TA00028,TA00065
155.30539040463736,20,TA00028,TA00066
211.3495271407341,832,TA00028,TA00067
553.7920291805558,1884,TA00028,TA00068
556.4986862239607,1961,TA00028,TA00069
544.182288963953,1773,TA00028,TA00070
564.5465401798605,1993,TA00028,TA00071
537.0434157250306,2002,TA00028,TA00072
26.672068903259483,176,TA00028,TA00073
68.48411391348992,294,TA00028,TA00074
246.07673531247212,846,TA00028,TA00076
235.5508088959454,251,TA00028,TA00077
131.75102108072093,880,TA00029,TA00020
210.49411168323024,577,TA00029,TA00021
264.872677478103,1732,TA00029,TA00023
81.38836864017894,1003,TA00029,TA00024
91.11561671533222,725,TA00029,TA00025
52.15475254473681,587,TA00029,TA00026
134.37464420664,916,TA00029,TA00027
86.66242071944849,507,TA00029,TA00028
101.65922160239585,601,TA00029,TA00030
99.8022327354213,15,TA00029,TA00054
66.73590372988433,1147,TA00029,TA00056
88.82652245715252,887,TA00029,TA00057
149.25467861239392,555,TA00029,TA00061
254.02141259434683,802,TA00029,TA00064
217.4943425243434,957,TA00029,TA00065
85.42784795109483,527,TA00029,TA00066
184.0311119266463,1339,TA00029,TA00067
534.6944125296558,2391,TA00029,TA00068
536.9507886333722,2468,TA00029,TA00069
524.6309936292863,2280,TA00029,TA00070
545.2647774608104,2500,TA00029,TA00071
524.0007690464192,2509,TA00029,TA00072
61.318880992915375,683,TA00029,TA00073
54.62536925165711,801,TA00029,TA00074
183.15419741001983,1353,TA00029,TA00076
169.42136645640588,758,TA00029,TA00077
124.45144926991573,279,TA00030,TA00020
220.96602201929636,-24,TA00030,TA00021
278.7802782457075,1131,TA00030,TA00023
128.24032332479842,402,TA00030,TA00024
99.19510340059344,124,TA00030,TA00025
94.95689840515132,-14,TA00030,TA00026
234.61365035998372,315,TA00030,TA00027
188.20510055412274,-94,TA00030,TA00028
101.65922160239585,-601,TA00030,TA00029
96.83226466086587,-586,TA00030,TA00054
145.38353760660374,546,TA00030,TA00056
108.6188408582839,286,TA00030,TA00057
106.84602069795962,-46,TA00030,TA00061
248.03522427027795,201,TA00030,TA00064
192.15846853121596,356,TA00030,TA00065
87.68475661923173,-74,TA00030,TA00066
207.2943795652106,738,TA00030,TA00067
536.8803325825179,1790,TA00030,TA00068
538.5134153887255,1867,TA00030,TA00069
526.5992862868794,1679,TA00030,TA00070
546.8860998376196,1899,TA00030,TA00071
533.8154459002053,1908,TA00030,TA00072
162.3263094386551,82,TA00030,TA00073
143.97502608375208,200,TA00030,TA00074
137.80202446784642,752,TA00030,TA00076
121.05415966207902,157,TA00030,TA00077
201.50555548409383,865,TA00054,TA00020
126.92526901756749,562,TA00054,TA00021
350.9411240590921,1717,TA00054,TA00023
173.2067220664663,988,TA00054,TA00024
164.64260798405792,710,TA00054,TA00025
49.333905520934906,572,TA00054,TA00026
216.94453170593258,901,TA00054,TA00027
160.3939384522833,492,TA00054,TA00028
99.8022327354213,-15,TA00054,TA00029
96.83226466086587,586,TA00054,TA00030
166.4061570037433,1132,TA00054,TA00056
168.59020776904967,872,TA00054,TA00057
55.404683354986695,540,TA00054,TA00061
161.72012968834866,787,TA00054,TA00064
118.29091300891761,942,TA00054,TA00065
154.24091379163102,512,TA00054,TA00066
272.2582964445353,1324,TA00054,TA00067
617.5442822785202,2376,TA00054,TA00068
619.4902630837132,2453,TA00054,TA00069
607.322658732533,2265,TA00054,TA00070
627.8714203399563,2485,TA00054,TA00071
610.5166941295994,2494,TA00054,TA00072
135.2744944872857,668,TA00054,TA00073
153.96266052903377,786,TA00054,TA00074
86.239941654812,1338,TA00054,TA00076
75.16278359052299,743,TA00054,TA00077
108.28074560904459,-267,TA00056,TA00020
274.12912767457175,-570,TA00056,TA00021
210.37360201593557,585,TA00056,TA00023
40.484411835719534,-144,TA00056,TA00024
77.44714883340696,-422,TA00056,TA00025
118.75506967694723,-560,TA00056,TA00026
104.11103704833413,-231,TA00056,TA00027
85.36059352040195,-640,TA00056,TA00028
66.73590372988433,-1147,TA00056,TA00029
145.38353760660374,-546,TA00056,TA00030
166.4061570037433,-1132,TA00056,TA00054
67.26812876716393,-260,TA00056,TA00057
214.10492375399414,-592,TA00056,TA00061
319.41351877297285,-345,TA00056,TA00064
284.23023903372876,-190,TA00056,TA00065
80.88858791090973,-620,TA00056,TA00066
130.38829945678756,192,TA00056,TA00067
479.4708275024038,1244,TA00056,TA00068
481.9500316670102,1321,TA00056,TA00069
469.59408484686463,1133,TA00056,TA00070
490.16067748748816,1353,TA00056,TA00071
466.0412444972663,1362,TA00056,TA00072
76.01161842170715,-464,TA00056,TA00073
19.0238364571671,-346,TA00056,TA00074
248.42342555187554,206,TA00056,TA00076
234.01515964837992,-389,TA00056,TA00077
44.519409380260946,-7,TA00057,TA00020
291.5713492128097,-310,TA00057,TA00021
182.397855283148,845,TA00057,TA00023
29.132127319974657,116,TA00057,TA00024
11.995076095877385,-162,TA00057,TA00025
131.7635453946992,-300,TA00057,TA00026
171.25251696523625,29,TA00057,TA00027
147.91684612882383,-380,TA00057,TA00028
88.82652245715252,-887,TA00057,TA00029
108.6188408582839,-286,TA00057,TA00030
168.59020776904967,-872,TA00057,TA00054
67.26812876716393,260,TA00057,TA00056
203.25188119331895,-332,TA00057,TA00061
330.1727789090454,-85,TA00057,TA00064
284.0035810187215,70,TA00057,TA00065
21.62092140639283,-360,TA00057,TA00066
104.10537924944235,452,TA00057,TA00067
450.30518019242186,1504,TA00057,TA00068
452.3855594967882,1581,TA00057,TA00069
440.1381892811299,1393,TA00057,TA00070
460.74727780734776,1613,TA00057,TA00071
442.1410464550986,1622,TA00057,TA00072
131.64236263985597,-204,TA00057,TA00073
80.14079210897476,-86,TA00057,TA00074
237.30690697710898,466,TA00057,TA00076
221.08922137110287,-129,TA00057,TA00077
228.41891196892897,325,TA00061,TA00020
126.76146340908643,22,TA00061,TA00021
382.23255783338055,1177,TA00061,TA00023
213.9023279213678,448,TA00061,TA00024
196.69535040864932,170,TA00061,TA00025
102.73152760849779,32,TA00061,TA00026
271.9804122056744,361,TA00061,TA00027
215.64703169167328,-48,TA00061,TA00028
149.25467861239392,-555,TA00061,TA00029
106.84602069795962,46,TA00061,TA00030
55.404683354986695,-540,TA00061,TA00054
214.10492375399414,592,TA00061,TA00056
203.25188119331895,332,TA00061,TA00057
143.86962111678383,247,TA00061,TA00064
85.37639165804778,402,TA00061,TA00065
185.31441780146145,-28,TA00061,TA00066
306.88225107122724,784,TA00061,TA00067
643.3500210815757,1836,TA00061,TA00068
645.0338082459715,1913,TA00061,TA00069
633.0724935028944,1725,TA00061,TA00070
653.4123328697724,1945,TA00061,TA00071
639.4127709977976,1954,TA00061,TA00072
190.25646236343863,128,TA00061,TA00073
203.8435631869838,246,TA00061,TA00074
34.57627147928442,798,TA00061,TA00076
20.276508064731043,203,TA00061,TA00077
362.730079848601,78,TA00064,TA00020
52.22491887515409,-225,TA00064,TA00021
512.569466517213,930,TA00064,TA00023
332.7876553502644,201,TA00064,TA00024
326.3584265677969,-77,TA00064,TA00025
202.41522966319272,-215,TA00064,TA00026
338.038200098846,114,TA00064,TA00027
283.501113276484,-295,TA00064,TA00028
254.02141259434683,-802,TA00064,TA00029
248.03522427027795,-201,TA00064,TA00030
161.72012968834866,-787,TA00064,TA00054
319.41351877297285,345,TA00064,TA00056
330.1727789090454,85,TA00064,TA00057
143.86962111678383,-247,TA00064,TA00061
64.41552383344383,155,TA00064,TA00065
315.88933785622174,-275,TA00064,TA00066
433.44820208201713,537,TA00064,TA00067
779.1015329887721,1589,TA00064,TA00068
781.0111080314929,1666,TA00064,TA00069
768.8685339662419,1478,TA00064,TA00070
789.3950428804358,1698,TA00064,TA00071
772.2228524500817,1707,TA00064,TA00072
265.82816435232775,-119,TA00064,TA00073
303.7462468465798,-1,TA00064,TA00074
123.06274879844904,551,TA00064,TA00076
136.96042955512314,-44,TA00064,TA00077
312.2595554415387,-77,TA00065,TA00020
75.06699371814729,-380,TA00065,TA00021
465.1297314833851,775,TA00065,TA00023
290.9964133123264,46,TA00065,TA00024
278.5836938035252,-232,TA00065,TA00025
165.66031748138877,-370,TA00065,TA00026
321.58229970024314,-41,TA00065,TA00027
264.7146191357068,-450,TA00065,TA00028
217.4943425243434,-957,TA00065,TA00029
192.15846853121596,-356,TA00065,TA00030
118.29091300891761,-942,TA00065,TA00054
284.23023903372876,190,TA00065,TA00056
284.0035810187215,-70,TA00065,TA00057
85.37639165804778,-402,TA00065,TA00061
64.41552383344383,-155,TA00065,TA00064
267.500076467309,-430,TA00065,TA00066
388.10880404714436,382,TA00065,TA00067
728.1033580401469,1434,TA00065,TA00068
729.8375838549562,1511,TA00065,TA00069
717.8316756663447,1323,TA00065,TA00070
738.2203787877453,1543,TA00065,TA00071
723.4078878291923,1552,TA00065,TA00072
242.92865477129365,-274,TA00065,TA00073
270.83318837712517,-156,TA00065,TA00074
59.5809096502883,396,TA00065,TA00076
74.7031481774662,-199,TA00065,TA00077
48.53091220000461,353,TA00066,TA00020
279.3250017245795,50,TA00066,TA00021
197.6523790713266,1205,TA00066,TA00023
47.74181851908603,476,TA00066,TA00024
11.607953842215329,198,TA00066,TA00025
121.78388978077929,60,TA00066,TA00026
184.4918207406833,389,TA00066,TA00027
155.30539040463736,-20,TA00066,TA00028
85.42784795109483,-527,TA00066,TA00029
87.68475661923173,74,TA00066,TA00030
154.24091379163102,-512,TA00066,TA00054
80.88858791090973,620,TA00066,TA00056
21.62092140639283,360,TA00066,TA00057
185.31441780146145,28,TA00066,TA00061
315.88933785622174,275,TA00066,TA00064
267.500076467309,430,TA00066,TA00065
121.68539626829967,812,TA00066,TA00067
463.30958705370324,1864,TA00066,TA00068
465.2669892612944,1941,TA00066,TA00069
453.0912696609083,1753,TA00066,TA00070
473.6468409927313,1973,TA00066,TA00071
456.61523109000984,1982,TA00066,TA00072
136.1285674078436,156,TA00066,TA00073
90.25946931074917,274,TA00066,TA00074
218.98134250980985,826,TA00066,TA00076
202.56982441742431,231,TA00066,TA00077
85.76108804544174,-459,TA00067,TA00020
393.1222773517779,-762,TA00067,TA00021
80.94559438112363,393,TA00067,TA00023
102.64299400074493,-336,TA00067,TA00024
110.21686542494434,-614,TA00067,TA00025
232.56843383112405,-752,TA00067,TA00026
206.48517494180913,-423,TA00067,TA00027
211.3495271407341,-832,TA00067,TA00028
184.0311119266463,-1339,TA00067,TA00029
207.2943795652106,-738,TA00067,TA00030
272.2582964445353,-1324,TA00067,TA00054
130.38829945678756,-192,TA00067,TA00056
104.10537924944235,-452,TA00067,TA00057
306.88225107122724,-784,TA00067,TA00061
433.44820208201713,-537,TA00067,TA00064
388.10880404714436,-382,TA00067,TA00065
121.68539626829967,-812,TA00067,TA00066
350.8934761781748,1052,TA00067,TA00068
353.2193443035203,1129,TA00067,TA00069
340.8803743620194,941,TA00067,TA00070
361.505461096791,1161,TA00067,TA00071
340.12860414403343,1170,TA00067,TA00072
206.148084195699,-656,TA00067,TA00073
149.41101251754932,-538,TA00067,TA00074
340.6548132153108,14,TA00067,TA00076
324.25512336575696,-581,TA00067,TA00077
416.485557993795,-1511,TA00068,TA00020
741.872576304574,-1814,TA00068,TA00021
269.9479248800343,-659,TA00068,TA00023
453.39221632822864,-1388,TA00068,TA00024
453.08213353603685,-1666,TA00068,TA00025
581.8023071751796,-1804,TA00068,TA00026
531.6792482049814,-1475,TA00068,TA00027
553.7920291805558,-1884,TA00068,TA00028
534.6944125296558,-2391,TA00068,TA00029
536.8803325825179,-1790,TA00068,TA00030
617.5442822785202,-2376,TA00068,TA00054
479.4708275024038,-1244,TA00068,TA00056
450.30518019242186,-1504,TA00068,TA00057
643.3500210815757,-1836,TA00068,TA00061
779.1015329887721,-1589,TA00068,TA00064
728.1033580401469,-1434,TA00068,TA00065
463.30958705370324,-1864,TA00068,TA00066
350.8934761781748,-1052,TA00068,TA00067
3.824273336483246,77,TA00068,TA00069
10.28214051149659,-111,TA00068,TA00070
10.760832823586055,109,TA00068,TA00071
40.564033066501075,118,TA00068,TA00072
553.5194654309305,-1708,TA00068,TA00073
498.3380420801716,-1590,TA00068,TA00074
674.6146560273279,-1038,TA00068,TA00076
657.8726053269755,-1633,TA00068,TA00077
418.34820168116096,-1588,TA00069,TA00020
743.9400182742257,-1891,TA00069,TA00021
272.27851954141045,-736,TA00069,TA00023
455.67355760912886,-1465,TA00069,TA00024
455.0789727888145,-1743,TA00069,TA00025
583.9323194657047,-1881,TA00069,TA00026
534.6350201294213,-1552,TA00069,TA00027
556.4986862239607,-1961,TA00069,TA00028
536.9507886333722,-2468,TA00069,TA00029
538.5134153887255,-1867,TA00069,TA00030
619.4902630837132,-2453,TA00069,TA00054
481.9500316670102,-1321,TA00069,TA00056
452.3855594967882,-1581,TA00069,TA00057
645.0338082459715,-1913,TA00069,TA00061
781.0111080314929,-1666,TA00069,TA00064
729.8375838549562,-1511,TA00069,TA00065
465.2669892612944,-1941,TA00069,TA00066
353.2193443035203,-1129,TA00069,TA00067
3.824273336483246,-77,TA00069,TA00068
12.355956684050478,-188,TA00069,TA00070
8.386191442014828,32,TA00069,TA00071
44.20528701695552,41,TA00069,TA00072
556.093030304461,-1785,TA00069,TA00073
500.83137288669656,-1667,TA00069,TA00074
676.2205898801404,-1115,TA00069,TA00076
659.4810731720847,-1710,TA00069,TA00077
406.2381267050683,-1400,TA00070,TA00020
731.7005304989477,-1703,TA00070,TA00021
259.9378974243844,-548,TA00070,TA00023
443.34612673635047,-1277,TA00070,TA00024
442.87847983402736,-1555,TA00070,TA00025
571.6613907817143,-1693,TA00070,TA00026
522.4745656859111,-1364,TA00070,TA00027
544.182288963953,-1773,TA00070,TA00028
524.6309936292863,-2280,TA00070,TA00029
526.5992862868794,-1679,TA00070,TA00030
607.322658732533,-2265,TA00070,TA00054
469.59408484686463,-1133,TA00070,TA00056
440.1381892811299,-1393,TA00070,TA00057
633.0724935028944,-1725,TA00070,TA00061
768.8685339662419,-1478,TA00070,TA00064
717.8316756663447,-1323,TA00070,TA00065
453.0912696609083,-1753,TA00070,TA00066
340.8803743620194,-941,TA00070,TA00067
10.28214051149659,111,TA00070,TA00068
12.355956684050478,188,TA00070,TA00069
20.634216048751806,220,TA00070,TA00071
40.85168812237169,229,TA00070,TA00072
543.743201928146,-1597,TA00070,TA00073
488.4754932551736,-1479,TA00070,TA00074
664.3327907974888,-927,TA00070,TA00076
647.5907929941192,-1522,TA00070,TA00077
426.7338871778737,-1620,TA00071,TA00020
752.3049004964079,-1923,TA00071,TA00021
280.56169120352456,-768,TA00071,TA00023
463.9780905327227,-1497,TA00071,TA00024
463.4543161255406,-1775,TA00071,TA00025
592.2836705677067,-1913,TA00071,TA00026
542.4194047777297,-1584,TA00071,TA00027
564.5465401798605,-1993,TA00071,TA00028
545.2647774608104,-2500,TA00071,TA00029
546.8860998376196,-1899,TA00071,TA00030
627.8714203399563,-2485,TA00071,TA00054
490.16067748748816,-1353,TA00071,TA00056
460.74727780734776,-1613,TA00071,TA00057
653.4123328697724,-1945,TA00071,TA00061
789.3950428804358,-1698,TA00071,TA00064
738.2203787877453,-1543,TA00071,TA00065
473.6468409927313,-1973,TA00071,TA00066
361.505461096791,-1161,TA00071,TA00067
10.760832823586055,-109,TA00071,TA00068
8.386191442014828,-32,TA00071,TA00069
20.634216048751806,-220,TA00071,TA00070
46.63688022932936,9,TA00071,TA00072
564.2440908442791,-1817,TA00071,TA00073
509.03379616736567,-1699,TA00071,TA00074
684.588916274752,-1147,TA00071,TA00076
667.8498345689056,-1742,TA00071,TA00077
411.16224594194887,-1629,TA00072,TA00020
733.1143417473805,-1932,TA00072,TA00021
259.85251791864005,-777,TA00072,TA00023
442.6606130352376,-1506,TA00072,TA00024
445.9447885235158,-1784,TA00072,TA00025
572.5824673592523,-1922,TA00072,TA00026
511.41476282146306,-1593,TA00072,TA00027
537.0434157250306,-2002,TA00072,TA00028
524.0007690464192,-2509,TA00072,TA00029
533.8154459002053,-1908,TA00072,TA00030
610.5166941295994,-2494,TA00072,TA00054
466.0412444972663,-1362,TA00072,TA00056
442.1410464550986,-1622,TA00072,TA00057
639.4127709977976,-1954,TA00072,TA00061
772.2228524500817,-1707,TA00072,TA00064
723.4078878291923,-1552,TA00072,TA00065
456.61523109000984,-1982,TA00072,TA00066
340.12860414403343,-1170,TA00072,TA00067
40.564033066501075,-118,TA00072,TA00068
44.20528701695552,-41,TA00072,TA00069
40.85168812237169,-229,TA00072,TA00070
46.63688022932936,-9,TA00072,TA00071
538.597850588529,-1826,TA00072,TA00073
484.6557250155738,-1708,TA00072,TA00074
671.5274527849085,-1156,TA00072,TA00076
654.7895480177328,-1751,TA00072,TA00077
176.05443546690913,197,TA00073,TA00020
216.37068693470414,-106,TA00073,TA00021
285.5063521251198,1049,TA00073,TA00023
111.89205939584939,320,TA00073,TA00024
138.14286535404463,42,TA00073,TA00025
88.24961250817367,-96,TA00073,TA00026
81.7243145720196,233,TA00073,TA00027
26.672068903259483,-176,TA00073,TA00028
61.318880992915375,-683,TA00073,TA00029
162.3263094386551,-82,TA00073,TA00030
135.2744944872857,-668,TA00073,TA00054
76.01161842170715,464,TA00073,TA00056
131.64236263985597,204,TA00073,TA00057
190.25646236343863,-128,TA00073,TA00061
265.82816435232775,119,TA00073,TA00064
242.92865477129365,274,TA00073,TA00065
136.1285674078436,-156,TA00073,TA00066
206.148084195699,656,TA00073,TA00067
553.5194654309305,1708,TA00073,TA00068
556.093030304461,1785,TA00073,TA00069
543.743201928146,1597,TA00073,TA00070
564.2440908442791,1817,TA00073,TA00071
538.597850588529,1826,TA00073,TA00072
57.15241587735641,118,TA00073,TA00074
221.34553747564573,670,TA00073,TA00076
210.2974062748932,75,TA00073,TA00077
123.17877655330992,79,TA00074,TA00020
257.57686292623225,-224,TA00074,TA00021
229.36232541742552,931,TA00074,TA00023
56.31850803502837,202,TA00074,TA00024
88.9611449391703,-76,TA00074,TA00025
105.24304977746318,-214,TA00074,TA00026
95.29361624151379,115,TA00074,TA00027
68.48411391348992,-294,TA00074,TA00028
54.62536925165711,-801,TA00074,TA00029
143.97502608375208,-200,TA00074,TA00030
153.96266052903377,-786,TA00074,TA00054
19.0238364571671,346,TA00074,TA00056
80.14079210897476,86,TA00074,TA00057
203.8435631869838,-246,TA00074,TA00061
303.7462468465798,1,TA00074,TA00064
270.83318837712517,156,TA00074,TA00065
90.25946931074917,-274,TA00074,TA00066
149.41101251754932,538,TA00074,TA00067
498.3380420801716,1590,TA00074,TA00068
500.83137288669656,1667,TA00074,TA00069
488.4754932551736,1479,TA00074,TA00070
509.03379616736567,1699,TA00074,TA00071
484.6557250155738,1708,TA00074,TA00072
57.15241587735641,-118,TA00074,TA00073
237.77951701676747,552,TA00074,TA00076
223.9820359729512,-43,TA00074,TA00077
261.07705398280893,-473,TA00076,TA00020
118.43874480710646,-776,TA00076,TA00021
415.25349160441357,379,TA00076,TA00023
248.4288209967953,-350,TA00076,TA00024
230.43942768770975,-628,TA00076,TA00025
135.14158174177874,-766,TA00076,TA00026
302.8913492965095,-437,TA00076,TA00027
246.07673531247212,-846,TA00076,TA00028
183.15419741001983,-1353,TA00076,TA00029
137.80202446784642,-752,TA00076,TA00030
86.239941654812,-1338,TA00076,TA00054
248.42342555187554,-206,TA00076,TA00056
237.30690697710898,-466,TA00076,TA00057
34.57627147928442,-798,TA00076,TA00061
123.06274879844904,-551,TA00076,TA00064
59.5809096502883,-396,TA00076,TA00065
218.98134250980985,-826,TA00076,TA00066
340.6548132153108,-14,TA00076,TA00067
674.6146560273279,1038,TA00076,TA00068
676.2205898801404,1115,TA00076,TA00069
664.3327907974888,927,TA00076,TA00070
684.588916274752,1147,TA00076,TA00071
671.5274527849085,1156,TA00076,TA00072
221.34553747564573,-670,TA00076,TA00073
237.77951701676747,-552,TA00076,TA00074
16.74789838336841,-595,TA00076,TA00077
244.4046970051588,122,TA00077,TA00020
127.42158826024134,-181,TA00077,TA00021
398.6220795000797,974,TA00077,TA00023
232.7937158992239,245,TA00077,TA00024
214.05577975050952,-33,TA00077,TA00025
122.95424707201283,-171,TA00077,TA00026
292.01111722455744,158,TA00077,TA00027
235.5508088959454,-251,TA00077,TA00028
169.42136645640588,-758,TA00077,TA00029
121.05415966207902,-157,TA00077,TA00030
75.16278359052299,-743,TA00077,TA00054
234.01515964837992,389,TA00077,TA00056
221.08922137110287,129,TA00077,TA00057
20.276508064731043,-203,TA00077,TA00061
136.96042955512314,44,TA00077,TA00064
74.7031481774662,199,TA00077,TA00065
202.56982441742431,-231,TA00077,TA00066
324.25512336575696,581,TA00077,TA00067
657.8726053269755,1633,TA00077,TA00068
659.4810731720847,1710,TA00077,TA00069
647.5907929941192,1522,TA00077,TA00070
667.8498345689056,1742,TA00077,TA00071
654.7895480177328,1751,TA00077,TA00072
210.2974062748932,-75,TA00077,TA00073
223.9820359729512,43,TA00077,TA00074
16.74789838336841,595,TA00077,TA00076
